name,id,tier,rarity,base value,range,damage/second,damage/shot,emp,impact,turn rate,OPs,ammo,ammo/sec,reload size,type,energy/shot,energy/second,chargeup,chargedown,burst size,burst delay,min spread,max spread,spread/shot,spread decay/sec,beam speed,proj speed,launch speed,flight time,proj hitpoints,hints,tags,groupTag,tech/manufacturer,for weapon tooltip>>,primaryRoleStr,speedStr,trackingStr,turnRateStr,accuracyStr,customPrimary,customPrimaryHL,customAncillary,customAncillaryHL,noDPSInTooltip
#General,,,,,,,,,,,,,,,,,,,,,,,,,,,,,,,,,,,,,,,,,,,,,
Shiva Disruptor Beam,tahlan_shiva,2,0.5,15000,600,600,,,500,15,26,,,,ENERGY,,500,0.1,0.1,,,,,,,3000,,,,,,"beam14, tahlan_kaze_bp",,Common,,Assault,,,,,Inhibits movement of targets hit,,,,
Armiger Battery,tahlan_armiger,3,,5000,1100,,400,,50,15,26,,,,HIGH_EXPLOSIVE,480,,0.1,4.2,3,0.2,,5,1,2,,900,,,400,,"he14, rare_bp",,Common,,Anti Armor,,,,,,,,,
Efreet Cannon,tahlan_efreet,3,,6000,1100,,300,,50,15,26,,,,KINETIC,330,,0,2.8,3,0.2,2,14,3,2,,1000,,,400,,"energy15, rare_bp",,Common,,General,,,,,,,,,
Titanomachy,tahlan_titanomachy,1,,10000,900,450,,,0,20,24,,,,ENERGY,,450,,,,,,,,,10000,1000,,,,,energy18,,Unknown,,General,,,,,"Will fire additional Arcs about %s times a second, dealing %s energy and %s EMP damage while the firing ship's flux level is at %s or above",2 | 50 | 250 | 75%,,,
Amboss Heavy Autocannon,tahlan_amboss,3,0.8,8000,750,,250,,50,10,22,,,,HIGH_EXPLOSIVE,250,,0,0.5,,,0,8,1,2,,1000,,,100,,"he15, rare_bp",,Common,,Anti Armor,,,,,,,,,
,,,,,,,,,,,,,,,,,,,,,,,,,,,,,,,,,,,,,,,,,,,,,
#Kassadari,,,,,,,,,,,,,,,,,,,,,,,,,,,,,,,,,,,,,,,,,,,,,
Porphyrion Blaster Cannon,tahlan_porph,3,0.2,4000,800,,600,300,30,12,15,,,,ENERGY,840,,0.5,2,1,0,0,0,0,0,,600,,,30,,"energy16, remnant, rare_bp, tahlan_knight_bp, tahlan_knights",,The Great Houses,,General,,,,,"Causes an explosion on impact, dealing %s fragmentation damage to nearby objects",200,,,
Styrix Kinetic Driver,tahlan_styrix,3,0.2,5000,1200,,300,,50,6,28,,,,KINETIC,600,,0.2,3.8,3,0.2,0,5,1,2,,1200,,,400,,"kinetic20, remnant, rare_bp, tahlan_knight_bp, tahlan_knights",,The Great Houses,,Anti Shield,,,,,Miniature AM warhead detonates on hits to armor or hull for additional %s to %s High-Explosive damage,10 | 50,,,
Magaera Twin-linked Railgun,tahlan_magaera,3,0.2,4000,900,,100,,15,15,14,,,,KINETIC,110,,0,1,,,0,5,1,2,,1100,,,300,,"kinetic15, LR, remnant, rare_bp, tahlan_knight_bp, tahlan_knights",,The Great Houses,,Anti Shield,,,,,,,,,
Gallant Light Railgun,tahlan_gallant,3,0.2,700,800,,100,,15,15,7,,,,KINETIC,110,,0,0.8,,,0,5,1,2,,1100,,,300,,"kinetic7, remnant, rare_bp, tahlan_knight_bp, tahlan_knights",,The Great Houses,,Anti Shield,,,,,,,,,
Gardion Superrail Cannon,tahlan_atrapos,3,0.2,2000,1100,,350,,0,15,14,,,,HIGH_EXPLOSIVE,490,,0.2,3.3,1,,0,2,1,1,,1200,,,100,,"he15, rare_bp, tahlan_knight_bp, tahlan_knights",,The Great Houses,,Anti Armor,,,,,Fracture warhead detonates on impact with armor or hull for an additional %s fragmentation damage,200,,,
Hekaton-class Torpedo Launcher,tahlan_hekaton,0,0.2,2000,1200,,1000,500,30,10,14,12,,,HIGH_EXPLOSIVE,0,,0,7.7,2,0.3,0,0,0,0,,600,100,3,350,STRIKE,"strike16, rocket12, tahlan_knight_bp, rare_bp, tahlan_knights",,The Great Houses,,Torpedo,Fast,None,,,Deals an additional %s energy damage on impact,400,Can spawn up to %s arcs dealing %s energy and %s EMP damage that can pierce shields at high target flux levels,3 | 200 | 200,TRUE
Hekaton Repeater,tahlan_hekaton_repeater,0,0.2,2000,1200,,1000,500,30,10,26,40,,,HIGH_EXPLOSIVE,0,,0,5,2,0.3,0,0,0,0,,600,100,3,350,"STRIKE, DO_NOT_CONSERVE, USE_VS_FRIGATES","strike10, rocket18, tahlan_knight_bp, rare_bp, tahlan_knights",,The Great Houses,,Torpedo,Fast,None,,,Deals an additional %s energy damage on impact,400,Can spawn up to %s arcs dealing %s energy and %s EMP damage that can pierce shields at high target flux levels,3 | 200 | 200,TRUE
Hekaton-class Torpedo (single),tahlan_hekaton_fighter,0,0.2,600,1200,,1000,500,30,15,2,1,,,HIGH_EXPLOSIVE,0,,0,1,1,,0,0,0,0,,600,100,3,350,STRIKE,"strike4, rocket2, tahlan_knight_bp, rare_bp, tahlan_knights",,The Great Houses,,Torpedo,Fast,None,,,Deals an additional %s energy damage on impact,400,Can spawn up to %s arcs dealing %s energy and %s EMP damage that can pierce shields at high target flux levels,3 | 200 | 200,TRUE
Hekaton-class Torpedo,tahlan_hekaton_rack,0,0.2,600,1200,,1000,500,30,15,4,2,,,HIGH_EXPLOSIVE,0,,0,1,1,,0,0,0,0,,600,100,3,350,STRIKE,"strike6, rocket4, tahlan_knight_bp, rare_bp, tahlan_knights",,The Great Houses,,Torpedo,Fast,None,,,Deals an additional %s energy damage on impact,400,Can spawn up to %s arcs dealing %s energy and %s EMP damage that can pierce shields at high target flux levels,3 | 200 | 200,TRUE
Teltrite Impactor Gun,tahlan_teltrite,3,0.2,400,500,,100,,,120,4,,,,KINETIC,100,,0,1,,,0,0,0,0,,3000,,,100,PD,"pd8, rare_bp, tahlan_knight_bp, tahlan_knights",,The Great Houses,,Point Defense,,,,,,,,,
Volkite Cannon,tahlan_volkite,3,0.2,500,300,,40,,,120,6,30,5,10,FRAGMENTATION,15,,0,0.1,,,4,16,4,6,,800,,,20,PD,"pd10, rare_bp, tahlan_knight_bp, tahlan_knights",,The Great Houses,,Point Defense,,,,,,,,,
Volkite Battery,tahlan_dualvolkite,3,0.2,1500,350,,40,,,120,12,60,10,20,FRAGMENTATION,15,,0,0.1,,,4,16,4,6,,800,,,20,PD,"pd10, rare_bp, tahlan_knight_bp, tahlan_knights",,The Great Houses,,Point Defense,,,,,,,,,
Numeon Heavy Cannon,tahlan_astrix,3,0.2,4500,900,,200,,20,13,15,,,,HIGH_EXPLOSIVE,260,,0.1,2.1,,,,,,,,700,,,100,,"he15, rare_bp, tahlan_knight_bp, tahlan_knights",,The Great Houses,,Anti Armor,,,,,Deals an additional %s energy damage per projectile on impact,50,,,
Pendragon MIRV Catapult,tahlan_pendragon,3,0.6,4000,2500,,250,,100,10,12,10,,,HIGH_EXPLOSIVE,,,,10,,,,,,,,800,800,2.5,200,"STRIKE, GUIDED_POOR","he15, strike15, missile12, rare_bp, tahlan_knight_bp, tahlan_knights",,The Great Houses,,Anti Armor,Fast,Good,,,,,,,
Gardas Hyperrail Cannon,tahlan_gardas,3,0.2,7000,1200,,700,,100,5,28,,,,HIGH_EXPLOSIVE,980,,0.3,3.4,1,,0,2,1,1,,1200,,,100,,"he20, remnant, rare_bp, tahlan_knight_bp, tahlan_knights",,The Great Houses,,Anti Armor,,,,,Fracture warhead detonates on impact with armor or hull for an additional %s fragmentation damage,400,,,
Ronka Blastcannon,tahlan_ronka,3,0.2,4000,700,,70,,10,30,12,,,,HIGH_EXPLOSIVE,70,,0,0.4,,,1,6,1,3,,800,,,30,"PD, PD_ALSO","he12, remnant, rare_bp, tahlan_knight_bp, tahlan_knights",,The Great Houses,,Multi-Purpose,,,,,Projectiles carry proximity fuse warheads,,,,
Anumis Superheavy Cannon,tahlan_anumis,3,0.2,8000,1000,,400,,50,8,26,,,,HIGH_EXPLOSIVE,520,,0.1,3.4,,,0,0,0,0,,700,,,100,,"he20, remnant, rare_bp, tahlan_knight_bp, tahlan_knights",,The Great Houses,,Anti Armor,,,,,Deals an additional %s energy damage per projectile on impact,100,,,
Ramun Siege Microcannon,tahlan_ramun,3,0.2,1000,800,,50,,20,15,8,,,,HIGH_EXPLOSIVE,50,,0,0.5,,,1,8,1,3,,700,,,50,,"he8, remnant, rare_bp, tahlan_knight_bp, tahlan_knights",,The Great Houses,,Anti Armor,,,,,,,,,
Karion Seeker Battery,tahlan_karionbat,3,0.3,1500,1500,,50,300,10,15,12,12,0.3,3,ENERGY,100,,0,5,3,0.2,,,,,,400,200,4,200,"DO_NOT_AIM, FIRE_WHEN_INEFFICIENT","en12, remnant, rare_bp, tahlan_knight_bp, tahlan_knights",,The Great Houses,,Support,,,,,Spawns up to %s EMP arcs on impact that deal %s EMP damage each and can pierce shields at high flux,2 | 100,,,
Fountain Twin Swarmer,tahlan_fountain,3,0.2,5000,1500,,100,,10,12,20,224,,,HIGH_EXPLOSIVE,,,0,9,14,0.2,,,,,,300,100,7,40,DO_NOT_AIM,"he14, rare_bp, tahlan_knight_bp, tahlan_knights, remnant",,The Great Houses,,Fire Support,Medium,Excellent,,,,,,,
Fount Swarmer,tahlan_fount,3,0.2,2500,1500,,100,,10,12,12,96,,,HIGH_EXPLOSIVE,,,0,9,6,0.2,,,,,,300,100,7,40,DO_NOT_AIM,"he10, rare_bp, tahlan_knight_bp, tahlan_knights, remnant",,The Great Houses,,Fire Support,Medium,Excellent,,,,,,,
Praxus Rotary Nailer,tahlan_praxus,3,0.2,2300,650,,40,,5,15,13,30,5,15,KINETIC,44,,0.1,0,5,0.1,0,4,0.2,0.2,,1000,,,50,,"kinetic12, rare_bp, tahlan_knight_bp, tahlan_knights, remnant",,The Great Houses,,Suppression,,,,,Fires rounds with miniature fracture warheads dealing %s fragmentation damage in a small area on impact,20,,,
Alteria Heavy Railgun,tahlan_alteria,3,0.2,5000,1000,,250,,25,8,26,,,,KINETIC,275,,0.1,0.5,,,0,5,1,2,,1100,,,400,,"kinetic20, remnant, rare_bp, tahlan_knight_bp, tahlan_knights",,The Great Houses,,Anti Shield,,,,,,,,,
,,,,,,,,,,,,,,,,,,,,,,,,,,,,,,,,,,,,,,,,,,,,,
#Pirate,,,,,,,,,,,,,,,,,,,,,,,,,,,,,,,,,,,,,,,,,,,,,
Overcharged Fusion Torch,tahlan_fusor,2,0.8,1000,450,,100,,10,15,10,100,10,50,FRAGMENTATION,15,,0,0.05,5,0.05,1,2,1,1,,1000,,,100,,"energy10, pirate_bp",,Common,,General,,,,,Deals additional %s to %s HE damage on impacts on armor/hull,2 | 10,,,
Eradicator Assault Laser,tahlan_eradicator,2,0.8,2500,800,1500,,,50,7,22,3,0.18,1,ENERGY,,1320,0.2,0.5,0.8,1.2,,,,,10000,,,,,STRIKE,"energy16, rare_bp, strike16",,Pirate,,Assault,,,,,"Causes arcs of unstable energy on direct hits, dealing %s of beam damage",10%,,,
Balor Smartgun,tahlan_balor,3,0.6,8000,1000,,400,,20,8,24,,,,HIGH_EXPLOSIVE,480,,0,1.5,,,0,0,0,0,,500,,,200,GUIDED_POOR,"he18, rare_bp, tahlan_legio_bp, tahlan_legio",,Legio Infernalis,,Anti Armor,,,,Homing,Smartshells have limited tracking ability against initial target,,,,
Tethra Smartgun,tahlan_tethra,3,0.6,4000,1000,,80,,10,12,14,,,,HIGH_EXPLOSIVE,96,,0,0.5,,,0,0,0,0,,500,,,200,GUIDED_POOR,"he13, rare_bp, tahlan_legio_bp, tahlan_legio",,Legio Infernalis,,Anti Armor,,,,Homing,Smartshells have limited tracking ability against initial target,,,,
Conand Autocannon,tahlan_conand,2,0.6,3000,800,,10,,1,15,12,,,,KINETIC,8,,,0.5,5,0.1,1,3,1,3,,800,,,100,,"kinetic13, rare_bp, tahlan_legio_bp, tahlan_legio",,Legio Infernalis,,Anti Shield,,,,,,,,,
Goll Overcharge Cannon,tahlan_goll,2,0.7,2500,700,,10,100,1,14,12,,,,KINETIC,20,,0.3,1.7,,,4,4,4,0,,800,,,100,,"kinetic5, rare_bp, tahlan_legio_bp, tahlan_legio",,Legio Infernalis,,Suppression,,,,,,,,,
,,,,,,,,,,,,,,,,,,,,,,,,,,,,,,,,,,,,,,,,,,,,,
#Lifeless,,,,,,,,,,,,,,,,,,,,,,,,,,,,,,,,,,,,,,,,,,,,,
Relparax Blaster,tahlan_relparax,3,0.2,4000,600,,100,100,20,15,12,,,,ENERGY,150,,0,0.5,,,,,,,,800,,,100,,"energy12, remnant, tahlan_lifeless_bp",,Unknown,,Suppression,,,,,"Spawns up to %s EMP arcs on each impact that can pierce shields at high flux, dealing %s EMP damage each",3 | 100,,,
Nenparax Beamer,tahlan_nenparax,3,0.3,,700,85,,,20,120,6,,,,ENERGY,,85,,,,,,,,,5000,,,,,,"energy9, remnant, tahlan_lifeless_bp",,Unknown,,General,,,,,,,,,
Disparax Plasma Cannon,tahlan_disparax,3,0.2,6000,800,,500,,50,20,26,,,,ENERGY,600,,0.3,2.5,3,0.1,,,,,,800,,,,,"he14, beam10, remnant, tahlan_lifeless_bp",,Unknown,,General,,,,,,,,,
,,,,,,,,,,,,,,,,,,,,,,,,,,,,,,,,,,,,,,,,,,,,,
#built-in,,,,,,,,,,,,,,,,,,,,,,,,,,,,,,,,,,,,,,,,,,,,,
Garuda,tahlan_garuda,1,1,400,1500,,500,,50,30,69,3,0.1,,ENERGY,100,,0,5,1,,0,0,0,,,700,100,2.4,150,"DO_NOT_AIM,SYSTEM, SHOW_IN_CODEX",,,High Tech,,Fire Support,,,,,,,,,
Vector Ray,tahlan_vector_ray,1,,200,400,150,,,20,100,69,,,,ENERGY,,150,0,0.25,,,,,,,2400,,,,,"PD, SYSTEM",,,Unknown,,Point Defense,,,,,,,,,
Providence Edge,tahlan_providence_edge,1,,5000,1000,1000,,,50,5,69,,,,ENERGY,,1000,0.1,0.1,,,,,,,5000,,,,,SYSTEM,,,Unknown,,Strike,,,,,,,,,
Unstable Thermal Pulse Cannon,tahlan_utpc,0,,100000,700,,250,,0,0,69,3,0.3,3,ENERGY,300,,0,0.1,999999,0.3,0,5,1,2,,1000,,,,"SYSTEM,SHOW_IN_CODEX",,,,,Assault,,,,,"Can spawn up to %s splinter projectiles per shot, dealing %s energy and EMP damage each",5 | 50,Individual shots can be fired manually at higher rate of fire,,
Unstable Thermal Pulse Cannon,tahlan_utpc_l,0,,100000,900,,250,,0,0,69,12,1,3,ENERGY,300,,0,0.1,999999,0.3,0,5,1,2,,1000,,,,"SYSTEM,SHOW_IN_CODEX",,,,,Assault,,,,,"Can spawn up to %s splinter projectiles per shot, dealing %s energy and EMP damage each",5 | 50,Individual shots can be fired manually at higher rate of fire,,
Mining Lance,tahlan_mininglance,1,,1500,800,1500,,,0,20,69,,,,ENERGY,,2000,0.25,0.5,1,5,0,,,,3200,,,,,SYSTEM,,,,,General,,,,,,,,,
Prism Coil,tahlan_prismcoil,3,,9999,400,,50,50,0,50,69,30,2,20,ENERGY,50,,0.1,0.1,,,,,,,,5000,,,100,"SYSTEM, PD, PD_ALSO",,,,,General,,,,,Fires electric arcs that can chain to additional targets on overkill,,,,
Nuboko Launcher,tahlan_nuboko_l,0,,5000,1500,,150,,,,69,15,0.2,5,HIGH_EXPLOSIVE,,,0,5,5,0.1,,,,,,700,900,2,100,SYSTEM,,,The Great Houses,,Fire Support,,,,,,,,,
Nuboko Launcher,tahlan_nuboko_r,0,,5000,1500,,150,,,,69,15,0.2,5,HIGH_EXPLOSIVE,,,0,5,5,0.1,,,,,,700,900,2,100,SYSTEM,,,The Great Houses,,Fire Support,,,,,,,,,
Disparax Proto,tahlan_disparax_proto,3,0.2,2000,800,,500,,0,20,69,,,,ENERGY,650,,0.1,1.5,3,0.1,,,,,,800,,,,SYSTEM,,,Unknown,,General,,,,,,,,,
Fray Cannon,tahlan_fray,0,,3000,1000,,1200,,250,0,69,,,,HIGH_EXPLOSIVE,1320,,0,4,1,,0,0,0,0,,600,,,400,SYSTEM,,,Pirate,,Anti Armor,,,,,,,,,
Thermal Pulse Cannon,tahlan_tpc_s,0,,100000,1000,,250,,0,0,69,10,1,,ENERGY,200,,0,0.2,1,,0,10,2,5,,1000,,,,"SYSTEM,SHOW_IN_CODEX",,TPC_only,,,,,,,,,,,,
Dragonslayer Hammer Tube,tahlan_dragonslayer,0,,75,1200,,1500,,30,10,69,3,0.02,,HIGH_EXPLOSIVE,0,,0,5,1,,0,0,0,0,,500,40,4,350,"STRIKE, SYSTEM",,,,,Torpedo,Fast,None,,,,,,,TRUE
Fafnir Battery,tahlan_fafnir,3,,5000,1000,,400,100,50,15,69,,,,ENERGY,400,,0.1,2.5,3,0.3,,5,1,2,,1200,,,400,SYSTEM,,,Common,,General,,,,,,,,,
Gae Bolg,tahlan_gaebolg,3,0.5,8000,1200,3000,,2000,0,7,69,,,,ENERGY,,3000,1,1,2,5,,,,,10000,,,,,"SYSTEM, FIRE_WHEN_INEFFICIENT",,,,,Suppression,,,,,"Hits on hull or armor frequently arc to weapons and engines, dealing extra EMP and energy damage. Hits on shields have a chance to generate a shield-penetrating arc based on the target's hard flux level.",,,,
Gleipnir,tahlan_gleipnir,3,,9999,1200,,1500,1000,250,5,69,2,,,KINETIC,1500,,0.3,12,2,1.2,0,0,0,0,,1200,,,100,SYSTEM,tahlan_AMWeapon,,The Great Houses,,Anti Armor,,,,,Second shot fired deals %s damage and detonates for an additional %s damage in an area around impact.,High-Explosive | 500 Fragmentation,Can only fire while Assault Mode system is at %s,full charge,
Gleipnir S,tahlan_gleipnir_s,3,,9999,1200,,1500,1000,250,5,69,1,,,KINETIC,1500,,0.3,12,1,1.2,0,0,0,0,,1200,,,100,SYSTEM,tahlan_AMWeapon,,The Great Houses,,Anti Armor,,,,,,,Can only fire while Assault Mode system is at %s,full charge,
Heavy Karion Seeker,tahlan_karion,3,,9999,3000,,100,300,10,0,69,,,,ENERGY,100,,0,5,,,,,,,,500,200,8,200,"SYSTEM, DO_NOT_AIM, FIRE_WHEN_INEFFICIENT",,,The Great Houses,,Support,,,,,Spawns up to %s EMP arcs on impact that deal %s EMP damage each and can pierce shields at high flux,3 | 100,,,
Fountainfall,tahlan_fountainfall_l,0,,5000,2000,,100,,10,,69,95,1.5,19,HIGH_EXPLOSIVE,,,0,6,19,0.1,,,,,,300,100,8,40,"SYSTEM, DO_NOT_AIM",,,The Great Houses,,Fire Support,Medium,Excellent,,,,,,,
Fountainfall,tahlan_fountainfall_r,0,,5000,2000,,100,,10,,69,95,1.5,19,HIGH_EXPLOSIVE,,,0,6,19,0.1,,,,,,300,100,8,40,"SYSTEM, DO_NOT_AIM",,,The Great Houses,,Fire Support,Medium,Excellent,,,,,,,
Flood of Damnation,tahlan_flood,0,,5000,2000,,100,,10,,69,385,1.5,77,HIGH_EXPLOSIVE,,,0,15,77,0.05,,,,,,300,100,8,40,"SYSTEM, DO_NOT_AIM",,,The Great Houses,,Fire Support,Medium,Excellent,,,,,,,
Gigantomachy,tahlan_gigantomachy,1,,10000,1000,1250,,,0,20,69,1,,,ENERGY,,1250,0.3,0.1,2,8,,,,,10000,1000,,,,SYSTEM,tahlan_AMWeapon,,Unknown,,General,,,,,"Will fire additional Arcs about %s times a second, dealing %s energy and %s EMP damage.",4 | 200 | 500,Can only fire while Assault Mode system is at %s,full charge,
Diffuse Graviton Beam,tahlan_diffusegraviton,2,,1500,700,50,,,250,15,69,,,,KINETIC,,60,0.1,0.1,,,,,,,2400,,,,,SYSTEM,,,,,Interdiction,,,,,Interferes with mobility of targets,,,,
Hypercharged Goll Cannon,tahlan_burstgoll,2,,2500,700,,10,100,50,14,69,,,,KINETIC,15,,0.3,3.7,3,0.1,4,4,4,0,,800,,,100,SYSTEM,,,Legio Infernalis,,Suppression,,,,,,,,,
Sol Dios Array,tahlan_sol_dios,2,,15000,700,800,,,10,150,69,,,,ENERGY,,800,0,0.1,,,,,,,10000,,,,,"SYSTEM, PD",,,Common,,Point Defense,,,,,,,,,
Atropos-class Torpedo Tube,tahlan_atropos_tube,2,0.5,300,1200,,1000,,40,10,69,4,0.04,,HIGH_EXPLOSIVE,0,,0,8,1,,0,0,0,0,,400,150,3.5,300,"GUIDED_POOR, SYSTEM",,,Common,,Torpedo,Fast,Good,,,,,,,TRUE
,,,,,,,,,,,,,,,,,,,,,,,,,,,,,,,,,,,,,,,,,,,,,
Phira,tahlan_phira_burst,3,0,9999,1000,,400,,50,10,69,,,,HIGH_EXPLOSIVE,480,,0,4,3,0.2,,,,,,1200,,,,"SYSTEM, SHOW_IN_CODEX",he20,,The Great Houses,,Variable,,,,,"Linked to variable ammo loader ship system, allowing the firing of different ammo types",,,,
Phira Burst Split,tahlan_phira_burst_split,3,0,9999,500,,400,,50,10,69,,,,HIGH_EXPLOSIVE,480,,0,4,3,0.2,,,,,,1200,,,,SYSTEM,he20,,The Great Houses,,,,,,,,,,,
Phira Impact,tahlan_phira_impact,3,0,9999,1000,,340,,100,10,69,,,,KINETIC,480,,0,4,3,0.2,,,,,,1200,,,,SYSTEM,kinetic20,,The Great Houses,,,,,,,,,,,
Phira Shock,tahlan_phira_shock,3,0,9999,1000,,480,300,20,10,69,,,,ENERGY,480,,0,4,3,0.2,0,0,0,0,,1200,,,,SYSTEM,energy20,,The Great Houses,,,,,,,,,,,
,,,,,,,,,,,,,,,,,,,,,,,,,,,,,,,,,,,,,,,,,,,,,
#Rosenritter,,,,,,,,,,,,,,,,,,,,,,,,,,,,,,,,,,,,,,,,,,,,,
Sturmkanone Mk.3,tahlan_sturmkanone_r,3,0.2,4000,800,,300,200,30,15,69,,,,ENERGY,270,,0,0.5,1,0,0,0,0,0,,800,,,100,SYSTEM,,,Rosenritter,,General,,,,,"Causes an explosion on impact, dealing %s fragmentation damage to nearby objects",100,,,
Sturmkanone Mk.3,tahlan_sturmkanone_l,3,0.2,4000,800,,300,200,30,15,69,,,,ENERGY,270,,0,0.5,1,0,0,0,0,0,,800,,,100,SYSTEM,,,Rosenritter,,General,,,,,"Causes an explosion on impact, dealing %s fragmentation damage to nearby objects",100,,,
Sturmkanone Mk.2,tahlan_sturmkanone_m2,3,0.2,4000,600,,300,200,30,15,14,6,1,9,ENERGY,270,,0,0.5,1,0,0,0,0,0,,800,,,100,"STRIKE, DO_NOT_CONSERVE, USE_VS_FRIGATES",,,Rosenritter,,General,,,,,"Causes an explosion on impact, dealing %s fragmentation damage to nearby objects",100,Always reloads entire clip. Requires %s to reach displayed sustained dps. Normal sustained dps is %s.,Expanded Magazines | 200,
Stahlhagel Rotary Cannon,tahlan_stahlhagel_r,3,0.2,2300,800,,40,,5,15,69,,,,KINETIC,46,,0.1,0,5,0.1,0,4,0.2,0.2,,1000,,,50,SYSTEM,,,Rosenritter,,Anti Shield,,,,,,,,,
Stahlhagel Rotary Cannon,tahlan_stahlhagel_l,3,0.2,2300,800,,40,,5,15,69,,,,KINETIC,46,,0.1,0,5,0.1,0,4,0.2,0.2,,1000,,,50,SYSTEM,,,Rosenritter,,Anti Shield,,,,,,,,,
Stahlhagel Zwilling,tahlan_stahlhagel_zwilling,3,0.2,2500,800,,15,,5,15,12,60,20,90,KINETIC,18,,0,0.1,5,0.1,0,6,0.4,0.4,,1000,,,50,,,,Rosenritter,,Anti Shield,,,,,,,Always reloads entire clip. Requires %s to reach displayed sustained dps. Normal sustained dps is %s.,Expanded Magazines | 200,
Stahlhagel Dummy,tahlan_stahlhagel_dummy,3,0.2,2300,800,,40,,5,15,69,,,,KINETIC,46,,0.1,0,5,0.1,0,4,0.2,0.2,,1000,,,50,SYSTEM,,,Rosenritter,,Anti Shield,,,,,Fires rounds with microfusion warheads dealing %s energy damage in a small area on impact,50,,,
Ultra Panzerfaust,tahlan_panzerfaust_r,3,,5000,800,,600,,50,15,69,,,,HIGH_EXPLOSIVE,690,,0,2,1,0,,5,1,2,,700,,,400,SYSTEM,,,Rosenritter,,Anti Armor,,,,,,,,,
Ultra Panzerfaust,tahlan_panzerfaust_l,3,,5000,800,,600,,50,15,69,,,,HIGH_EXPLOSIVE,690,,0,2,1,0,,5,1,2,,700,,,400,SYSTEM,,,Rosenritter,,Anti Armor,,,,,,,,,
Schwalbenflug Missile Pod,tahlan_schwalbenflug_r,3,0.2,2500,2000,,200,,10,15,69,150,0.5,15,HIGH_EXPLOSIVE,20,,0,9,15,0.1,,,,,,500,100,5,50,"SYSTEM, DO_NOT_AIM",,,Rosenritter,,Fire Support,Medium,Excellent,,,,,,,
Schwalbenflug Missile Pod,tahlan_schwalbenflug_l,3,0.2,2500,2000,,200,,10,15,69,150,0.5,15,HIGH_EXPLOSIVE,20,,0,9,15,0.1,,,,,,500,100,5,50,"SYSTEM, DO_NOT_AIM",,,Rosenritter,,Fire Support,Medium,Excellent,,,,,,,
Nadel Linear Rifle,tahlan_nadel_r,3,0.2,5000,1200,,500,,50,15,69,,,,KINETIC,650,,0,2,1,0,0,0,0,0,,1200,,,400,SYSTEM,,,Rosenritter,,Anti Shield,,,,,Miniature AM warhead detonates on hits to armor or hull for additional %s to %s High-Explosive damage,10 | 50,,,
Nadel Linear Rifle,tahlan_nadel_l,3,0.2,5000,1200,,500,,50,15,69,,,,KINETIC,650,,0,2,1,0,0,0,0,0,,1200,,,400,SYSTEM,,,Rosenritter,,Anti Shield,,,,,Miniature AM warhead detonates on hits to armor or hull for additional %s to %s High-Explosive damage,10 | 50,,,
HÃ¼ter Interception Gun,tahlan_hueter,3,0.2,500,400,,160,,,120,5,,,,FRAGMENTATION,40,,0,0.5,,,0,0,0,0,,1500,,,100,PD,pd10,,Rosenritter,,Point Defense,,,,,,,,,
,,,,,,,,,,,,,,,,,,,,,,,,,,,,,,,,,,,,,,,,,,,,,
Lichtwerfer,tahlan_eisenflug_gun_r,1,,250,500,,75,,0,50,5,,,,ENERGY,75,,0,0.5,,,,,,,,2000,,,,"SYSTEM, PD, PD_ALSO",,,,,General,,,,,,,,,
Lichtwerfer,tahlan_eisenflug_gun_l,1,,250,500,,75,,0,50,5,,,,ENERGY,75,,0,0.5,,,,,,,,2000,,,,"SYSTEM, PD, PD_ALSO",,,,,General,,,,,,,,,
,,,,,,,,,,,,,,,,,,,,,,,,,,,,,,,,,,,,,,,,,,,,,
tahlan_stahlherz_eyes,tahlan_stahlherz_eyes,,,,,,,,,,,,,,,,,,,,,,,,,,,,,,SYSTEM,,,,,,,,,,,,,,
tahlan_stahlherz_cover_r,tahlan_stahlherz_cover_r,,,,,,,,,,,,,,,,,,,,,,,,,,,,,,SYSTEM,,,,,,,,,,,,,,
tahlan_stahlherz_cover_l,tahlan_stahlherz_cover_l,,,,,,,,,,,,,,,,,,,,,,,,,,,,,,SYSTEM,,,,,,,,,,,,,,
tahlan_stahlherz_arm_r,tahlan_stahlherz_arm_r,,,,,,,,,,,,,,,,,,,,,,,,,,,,,,SYSTEM,,,,,,,,,,,,,,
tahlan_stahlherz_arm_l,tahlan_stahlherz_arm_l,,,,,,,,,,,,,,,,,,,,,,,,,,,,,,SYSTEM,,,,,,,,,,,,,,
tahlan_eisenflug_arm_l,tahlan_eisenflug_arm_l,,,,,,,,,,,,,,,,,,,,,,,,,,,,,,SYSTEM,,,,,,,,,,,,,,
tahlan_eisenflug_arm_r,tahlan_eisenflug_arm_r,,,,,,,,,,,,,,,,,,,,,,,,,,,,,,SYSTEM,,,,,,,,,,,,,,
tahlan_eisenflug_shoulder_l,tahlan_eisenflug_shoulder_l,,,,,,,,,,,,,,,,,,,,,,,,,,,,,,SYSTEM,,,,,,,,,,,,,,
tahlan_eisenflug_shoulder_r,tahlan_eisenflug_shoulder_r,,,,,,,,,,,,,,,,,,,,,,,,,,,,,,SYSTEM,,,,,,,,,,,,,,
tahlan_halbmond_system,tahlan_halbmond_system,,,,,,,,,,,,,,,,,,,,,,,,,,,,,,SYSTEM,,,,,,,,,,,,,,
,,,,,,,,,,,,,,,,,,,,,,,,,,,,,,,,,,,,,,,,,,,,,
,,,,,,,,,,,,,,,,,,,,,,,,,,,,,,,,,,,,,,,,,,,,,
,,,,,,,,,,,,,,,,,,,,,,,,,,,,,,,,,,,,,,,,,,,,,
#fighters,,,,,,,,,,,,,,,,,,,,,,,,,,,,,,,,,,,,,,,,,,,,,
Volkite S,tahlan_volkite_s,3,0.2,500,350,,40,,,120,0,,,,FRAGMENTATION,,,0,0.1,,,2,6,2,4,,1000,,,20,"PD, ANTI_FTR, SYSTEM, SHOW_IN_CODEX",,,The Great Houses,,Point Defense,,,,,,,,,
XM Beamer,tahlan_xm_beamer,1,,200,500,25,,,10,150,0,,,,ENERGY,,100,0,0.25,,,,,,,5000,,,,,"PD, SYSTEM",,,Unknown,,Point Defense,,,,,,,,,
XS Beamer,tahlan_xs_beamer,1,,200,400,200,,,20,150,0,,,,FRAGMENTATION,,100,0,0.25,,,,,,,5000,,,,,"PD, SYSTEM",,,Unknown,,Point Defense,,,,,,,,,
Dirge Lance,tahlan_dirge_lance,3,0.2,2000,500,200,,,0,20,12,,,,ENERGY,,0,0.1,0.3,0.4,0.3,,,,,6000,,,,,SYSTEM,,,The Great Houses,,Anti Armor,,,,,,,,,
Valdes,tahlan_valdes_r,1,,250,500,,25,20,0,50,5,,,,ENERGY,25,,0.2,0,,,,,,,,1000,,,,"SYSTEM, SHOW_IN_CODEX",,,,,General,,,,,,,,,
Valdes,tahlan_valdes_l,1,,250,500,,25,20,0,50,5,,,,ENERGY,25,,0.2,0,,,,,,,,1000,,,,SYSTEM,,,,,General,,,,,,,,,
Rakaton-class Guided Torpedo,tahlan_heraton,3,0.5,300,1200,,500,500,30,10,2,1,,,HIGH_EXPLOSIVE,0,,0,1,1,,0,0,0,0,,300,150,5.5,300,"GUIDED_POOR,SYSTEM,SHOW_IN_CODEX",,,,,Torpedo,Fast,Good,,,Deals an additional %s energy damage on impact,400,Can spawn up to %s arcs dealing %s energy and %s EMP damage and can pierce shields at high target flux levels,3 | 200 | 200,TRUE
,,,,,,,,,,,,,,,,,,,,,,,,,,,,,,,,,,,,,,,,,,,,,
#script weapons,,,,,,,,,,,,,,,,,,,,,,,,,,,,,,,,,,,,,,,,,,,,,
UTPC Splinter,tahlan_utpc_splinter,0,,100000,700,,50,50,0,0,,,,,ENERGY,40,,0,4.6,3,0.2,0,10,2,5,,1000,,,,SYSTEM,,,,,,,,,,,,,,
UTPC Splinter,tahlan_utpc_l_splinter,0,,100000,900,,50,50,0,0,,,,,ENERGY,40,,0,4.6,3,0.2,0,10,2,5,,1000,,,,SYSTEM,,,,,,,,,,,,,,
Gleipnir_dummy,tahlan_gleipnir_dummy,3,,9999,1200,,1500,,250,5,30,1,,,HIGH_EXPLOSIVE,1500,,0.3,10,1,,0,0,0,0,,1200,,,100,SYSTEM,,,The Great Houses,,Anti Armor,,,,,Fracture warhead detonates on impact with armor or hull for an additional %s fragmentation damage,1000,Can only fire while Assault Mode system is at %s,full charge,
tahlan_vundautoforge,tahlan_vundautoforge,,,,,,,,,,,,,,,,,,,,,,,,,,,,,,SYSTEM,,,,,,,,,,,,,,
,,,,,,,,,,,,,,,,,,,,,,,,,,,,,,,,,,,,,,,,,,,,,
#deco,,,,,,,,,,,,,,,,,,,,,,,,,,,,,,,,,,,,,,,,,,,,,
tahlan_castigator_knight_glow,tahlan_castigator_knight_glow,,,,,,,,,,,,,,,,,,,,,,,,,,,,,,SYSTEM,,,,,,,,,,,,,,
tahlan_DunScaith_gh_glow,tahlan_DunScaith_gh_glow,,,,,,,,,,,,,,,,,,,,,,,,,,,,,,SYSTEM,,,,,,,,,,,,,,
tahlan_exa_pico_glow,tahlan_exa_pico_glow,,,,,,,,,,,,,,,,,,,,,,,,,,,,,,SYSTEM,,,,,,,,,,,,,,
tahlan_vendetta_gh_glow,tahlan_vendetta_gh_glow,,,,,,,,,,,,,,,,,,,,,,,,,,,,,,SYSTEM,,,,,,,,,,,,,,
tahlan_legion_gh_glow,tahlan_legion_gh_glow,,,,,,,,,,,,,,,,,,,,,,,,,,,,,,SYSTEM,,,,,,,,,,,,,,
tahlan_dominator_gh_glow,tahlan_dominator_gh_glow,,,,,,,,,,,,,,,,,,,,,,,,,,,,,,SYSTEM,,,,,,,,,,,,,,
tahlan_monitor_gh_glow,tahlan_monitor_gh_glow,,,,,,,,,,,,,,,,,,,,,,,,,,,,,,SYSTEM,,,,,,,,,,,,,,
tahlan_onslaught_gh_glow,tahlan_onslaught_gh_glow,,,,,,,,,,,,,,,,,,,,,,,,,,,,,,SYSTEM,,,,,,,,,,,,,,
tahlan_enforcer_gh_glow,tahlan_enforcer_gh_glow,,,,,,,,,,,,,,,,,,,,,,,,,,,,,,SYSTEM,,,,,,,,,,,,,,
tahlan_ristreza_glow,tahlan_ristreza_glow,,,,,,,,,,,,,,,,,,,,,,,,,,,,,,SYSTEM,,,,,,,,,,,,,,
tahlan_caliver_cover,tahlan_caliver_cover,,,,,,,,,,,,,,,,,,,,,,,,,,,,,,SYSTEM,,,,,,,,,,,,,,
tahlan_timeless_cover,tahlan_timeless_cover,,,,,,,,,,,,,,,,,,,,,,,,,,,,,,SYSTEM,,,,,,,,,,,,,,
tahlan_sophrosyne_cover,tahlan_sophrosyne_cover,,,,,,,,,,,,,,,,,,,,,,,,,,,,,,SYSTEM,,,,,,,,,,,,,,
tahlan_izanami_glow,tahlan_izanami_glow,,,,,,,,,,,,,,,,,,,,,,,,,,,,,,SYSTEM,,,,,,,,,,,,,,
tahlan_sophrosyne_halo,tahlan_sophrosyne_halo,,,,,,,,,,,,,,,,,,,,,,,,,,,,,,SYSTEM,,,,,,,,,,,,,,
tahlan_phronesis_halo,tahlan_phronesis_halo,,,,,,,,,,,,,,,,,,,,,,,,,,,,,,SYSTEM,,,,,,,,,,,,,,
tahlan_andreia_halo,tahlan_andreia_halo,,,,,,,,,,,,,,,,,,,,,,,,,,,,,,SYSTEM,,,,,,,,,,,,,,
tahlan_dikaiosyne_halo,tahlan_dikaiosyne_halo,,,,,,,,,,,,,,,,,,,,,,,,,,,,,,SYSTEM,,,,,,,,,,,,,,
tahlan_castigator_nc_halo,tahlan_castigator_nc_halo,,,,,,,,,,,,,,,,,,,,,,,,,,,,,,SYSTEM,,,,,,,,,,,,,,
tahlan_NLthruster,tahlan_NLthruster,,,,,,,,,,,,,,,,,,,,,,,,,,,,,,SYSTEM,,,,,,,,,,,,,,
tahlan_nibelung_cover_l,tahlan_nibelung_cover_l,,,,,,,,,,,,,,,,,,,,,,,,,,,,,,SYSTEM,,,,,,,,,,,,,,
tahlan_nibelung_cover_r,tahlan_nibelung_cover_r,,,,,,,,,,,,,,,,,,,,,,,,,,,,,,SYSTEM,,,,,,,,,,,,,,
#tahlan_nibelung_n_cover_l,tahlan_nibelung_n_cover_l,,,,,,,,,,,,,,,,,,,,,,,,,,,,,,SYSTEM,,,,,,,,,,,,,,
#tahlan_nibelung_n_cover_r,tahlan_nibelung_n_cover_r,,,,,,,,,,,,,,,,,,,,,,,,,,,,,,SYSTEM,,,,,,,,,,,,,,
tahlan_valacor_cover,tahlan_valacor_cover,,,,,,,,,,,,,,,,,,,,,,,,,,,,,,SYSTEM,,,,,,,,,,,,,,
tahlan_cuchulainn_glow,tahlan_cuchulainn_glow,,,,,,,,,,,,,,,,,,,,,,,,,,,,,,SYSTEM,,,,,,,,,,,,,,
tahlan_Trill_glow,tahlan_Trill_glow,,,,,,,,,,,,,,,,,,,,,,,,,,,,,,SYSTEM,,,,,,,,,,,,,,
tahlan_Higanbana_glow,tahlan_Higanbana_glow,,,,,,,,,,,,,,,,,,,,,,,,,,,,,,SYSTEM,,,,,,,,,,,,,,
tahlan_metafalica_glow_deco,tahlan_metafalica_glow_deco,,,,,,,,,,,,,,,,,,,,,,,,,,,,,,SYSTEM,,,,,,,,,,,,,,
tahlan_metafalica_grid_deco,tahlan_metafalica_grid_deco,,,,,,,,,,,,,,,,,,,,,,,,,,,,,,SYSTEM,,,,,,,,,,,,,,
,,,,,,,,,,,,,,,,,,,,,,,,,,,,,,,,,,,,,,,,,,,,,
#backups,,,,,,,,,,,,,,,,,,,,,,,,,,,,,,,,,,,,,,,,,,,,,
#Volkite,tahlan_volkite,3,0.2,500,300,,60,,,120,6,,,,FRAGMENTATION,20,,0,0.8,6,0.1,4,16,4,6,,800,,,20,PD,"pd10, rare_bp, tahlan_knight_bp, tahlan_knights",,The Great Houses,,Point Defense,,,,,,,,,
#Volkite Battery,tahlan_dualvolkite,3,0.2,1500,350,,60,,,120,12,,,,FRAGMENTATION,20,,0,1,6,0.1,4,16,4,6,,800,,,20,PD,"pd10, rare_bp, tahlan_knight_bp, tahlan_knights",,The Great Houses,,Point Defense,,,,,,,,,
,,,,,,,,,,,,,,,,,,,,,,,,,,,,,,,,,,,,,,,,,,,,,
